model_name,n_params,steps_per_epoch,total_train_tokens,final_val_loss,wall_clock_seconds,gpu_mem_start_mb,gpu_mem_end_mb,gpu_mem_peak_mb
rnn_tiny,145024,6103,99991552,4.304867,21.79,0.553,72.651,345.086
rnn_small,1078528,6103,99991552,5.50745,73.448,4.114,93.083,496.318
rnn_medium,2404224,6103,99991552,5.198926,87.934,9.171,113.874,709.602
rnn_large,6355456,6103,99991552,6.187645,113.582,24.244,173.602,1165.806
rnn_tiny,train,145024,6103,99991552,1.230553,24.753,0.553,72.651,345.086
rnn_small,train,1078528,6103,99991552,1.141763,76.629,4.114,93.083,496.318
rnn_medium,train,2404224,6103,99991552,1.102579,89.711,9.171,113.874,709.602
rnn_large,train,6355456,6103,99991552,1.081262,115.912,24.244,173.602,1165.806
